ID, JobTitle, EmailAddress, FirstNameLastName, CreditCard, CreditCardType
2, Investment  Advisor, Clint_Thorpe5003@bulaffy.com, Clint Thorpe, 7083-8766-0251-2345, 5
12, Retail Trainee, Phillip_Carpenter9505@famism.biz, Phillip Carpenter, 3657-0088-0820-5247, 7
28, Project Manager, Russel_Graves1378@extex.org, Russel Graves, 6718-4818-8011-6024, 4
39, Stockbroker, Leanne_Newton1268@typill.biz, Leanne Newton, 5438-0816-4166-4847, 7
57, Budget Analyst, Tony_Giles1960@iatim.tech, Tony Giles, 8130-3425-7573-7745, 5
62, CNC Operator, Owen_Allcott5125@bauros.biz, Owen Allcott, 4156-0107-7210-2630, 0
68, Project Manager, Liam_Lynn3280@kideod.biz, Liam Lynn, 7152-3247-6053-2233, 3
74, Dentist, Regina_Woodcock5820@yahoo.com, Regina Woodcock, 0208-1753-3870-8002, 2
81, HR Specialist, Carter_Wallace9614@atink.com, Carter Wallace, 4256-7201-6717-4322, 2
92, Staffing Consultant, Maia_Stark2797@jiman.org, Maia Stark, 3851-1403-1734-6321, 1
97, Stockbroker, Ciara_Lomax982@bauros.biz, Ciara Lomax, 3702-3440-2472-5424, 4
116, Staffing Consultant, Isabel_Ellwood1475@fuliss.net, Isabel Ellwood, 3738-0882-0066-6683, 3
148, CNC Operator, Abdul_Townend2202@infotech44.tech, Abdul Townend, 4224-1226-3557-3448, 8
150, Fabricator, Caleb_Poulton1735@atink.com, Caleb Poulton, 8203-6875-5225-0341, 1
151, Restaurant Manager, Ronald_Lewis6777@deavo.com, Ronald Lewis, 7212-0155-5014-8471, 1
154, Bellman, Faith_Seymour3829@twace.org, Faith Seymour, 4170-5186-6887-6558, 8
169, Assistant Buyer, Anthony_Hancock9083@qater.org, Anthony Hancock, 0832-3357-6010-6550, 0
176, Healthcare Specialist, Isabella_Willson5478@nanoff.biz, Isabella Willson, 5177-4868-4623-0384, 4
182, Pharmacist, Stephanie_Darcy3298@bauros.biz, Stephanie Darcy, 0264-4020-5106-5576, 6
199, Investment  Advisor, Ryan_Kennedy5565@corti.com, Ryan Kennedy, 3166-6287-6242-7207, 7
